Type,Name,Request Count,Failure Count,Median Response Time,Average Response Time,Min Response Time,Max Response Time,Average Content Size,Requests/s,Failures/s,50%,66%,75%,80%,90%,95%,98%,99%,99.9%,99.99%,100%
POST,Mixed_bm25_Multi_Collection,3169,0,1800.0,1918.0116897338708,87.45869301492348,6280.720978043973,2347850.2906279583,10.58739785846915,0.0,1800,2100,2400,2600,3100,3700,4800,5200,6000,6300,6300
POST,Mixed_hybrid_0.1_Multi_Collection,3102,0,3300.0,3676.690524395505,283.9239739696495,9871.245443006046,3275322.994519665,10.363555745336479,0.0,3300,3900,4400,4800,5500,6400,7200,7900,9300,9900,9900
POST,Mixed_hybrid_0.9_Multi_Collection,3179,0,3200.0,3503.113203848344,265.53887396585196,10593.628637958318,1876326.5410506448,10.620807129085966,0.0,3200,3700,4200,4500,5300,5900,6800,7100,8800,11000,11000
,Aggregated,9450,0,2900.0,3028.5365001561377,87.45869301492348,10593.628637958318,2493675.298835979,31.571760732891594,0.0,2900,3300,3700,4100,5100,5700,6700,7200,8900,11000,11000
