Type,Name,Request Count,Failure Count,Median Response Time,Average Response Time,Min Response Time,Max Response Time,Average Content Size,Requests/s,Failures/s,50%,66%,75%,80%,90%,95%,98%,99%,99.9%,99.99%,100%
POST,Mixed_bm25_Multi_Collection,4290,0,850.0,1040.5748342960978,41.62767098750919,7730.081389017869,800287.7543123543,14.316219207677447,0.0,850,1100,1300,1400,2000,2600,3200,3600,5800,7700,7700
POST,Mixed_hybrid_0.1_Multi_Collection,4254,0,2700.0,2940.8381802315766,227.60772600304335,8891.185799962841,959418.881993418,14.196083102438196,0.0,2700,3000,3300,3500,4400,5200,6000,6400,8300,8900,8900
POST,Mixed_hybrid_0.9_Multi_Collection,4095,0,2700.0,2896.3388143420725,225.3071939921938,8918.28975896351,571941.0202686202,13.665481970964835,0.0,2700,2900,3200,3500,4400,5100,5900,6300,8100,8900,8900
,Aggregated,12639,0,2400.0,2281.4225098952616,41.62767098750919,8918.28975896351,779863.9819605981,42.17778428108048,0.0,2400,2700,2900,3100,3900,4800,5600,6100,7700,8900,8900
