Type,Name,Request Count,Failure Count,Median Response Time,Average Response Time,Min Response Time,Max Response Time,Average Content Size,Requests/s,Failures/s,50%,66%,75%,80%,90%,95%,98%,99%,99.9%,99.99%,100%
POST,Mixed_bm25_Multi_Collection,2760,0,2100.0,2271.620039744123,120.88853603927419,7962.713691988029,3125110.4260869566,9.201098179917143,0.0,2100,2400,2700,2900,3500,4100,4900,5300,7500,8000,8000
POST,Mixed_hybrid_0.1_Multi_Collection,2680,0,4100.0,4306.0996121463,339.9384209769778,11227.456171996891,4501624.304477612,8.93439968194853,0.0,4200,4700,5100,5300,6100,7000,7800,8400,11000,11000,11000
POST,Mixed_hybrid_0.9_Multi_Collection,2681,0,3800.0,4026.8938380887253,292.4817990278825,12214.283118024468,2569891.434166356,8.937733413173138,0.0,3800,4400,4800,5000,5900,6600,7400,7800,9600,12000,12000
,Aggregated,8121,0,3400.0,3522.487458460988,120.88853603927419,12214.283118024468,3396076.4495751755,27.07323127503881,0.0,3400,4000,4500,4800,5500,6300,7300,7800,10000,12000,12000
