Type,Name,Request Count,Failure Count,Median Response Time,Average Response Time,Min Response Time,Max Response Time,Average Content Size,Requests/s,Failures/s,50%,66%,75%,80%,90%,95%,98%,99%,99.9%,99.99%,100%
POST,Mixed_bm25_Multi_Collection,25111,0,210.0,288.31606375104576,4.317459999583662,4850.551026000176,18196.069013579705,83.81898942630421,0.0,210,290,340,370,490,650,1700,2200,3100,4400,4900
POST,Mixed_hybrid_0.1_Multi_Collection,24930,0,350.0,451.19839744616553,26.05790999950841,5434.377656027209,20980.400681909345,83.21482244425805,0.0,350,420,460,500,630,1200,2200,2700,3800,4900,5400
POST,Mixed_hybrid_0.9_Multi_Collection,25068,0,320.0,417.8720604888114,25.045818998478353,5968.608013994526,11108.651587681506,83.67545804382915,0.0,320,390,430,470,580,1000,2100,2600,3600,4700,6000
,Aggregated,75109,0,300.0,385.61953344497493,4.317459999583662,5968.608013994526,16754.77713722723,250.7092699143914,0.0,300,370,420,460,570,900,2000,2500,3600,4700,6000
