Type,Name,Request Count,Failure Count,Median Response Time,Average Response Time,Min Response Time,Max Response Time,Average Content Size,Requests/s,Failures/s,50%,66%,75%,80%,90%,95%,98%,99%,99.9%,99.99%,100%
POST,Single_BM25_Search,4178,0,5,8.681812982722251,2.222603012342006,68.92281101318076,17024.555050263283,219.74613782772846,0.0,6,10,12,13,17,25,30,32,43,69,69
,Aggregated,4178,0,5,8.681812982722251,2.222603012342006,68.92281101318076,17024.555050263283,219.74613782772846,0.0,6,10,12,13,17,25,30,32,43,69,69
