Type,Name,Request Count,Failure Count,Median Response Time,Average Response Time,Min Response Time,Max Response Time,Average Content Size,Requests/s,Failures/s,50%,66%,75%,80%,90%,95%,98%,99%,99.9%,99.99%,100%
POST,Single_Hybrid01_Search,1233,0,28,29.797820718847564,22.441143984906375,78.47104201209731,16875.277372262775,64.87566289422874,0.0,28,30,31,32,36,45,51,55,75,78,78
,Aggregated,1233,0,28,29.797820718847564,22.441143984906375,78.47104201209731,16875.277372262775,64.87566289422874,0.0,28,30,31,32,36,45,51,55,75,78,78
