Type,Name,Request Count,Failure Count,Median Response Time,Average Response Time,Min Response Time,Max Response Time,Average Content Size,Requests/s,Failures/s,50%,66%,75%,80%,90%,95%,98%,99%,99.9%,99.99%,100%
POST,Single_Hybrid09_Search,1260,0,28,29.13307316337032,21.891994983889163,78.52656600880437,13603.957142857143,66.32713283354845,0.0,28,29,30,31,34,43,49,53,58,79,79
,Aggregated,1260,0,28,29.13307316337032,21.891994983889163,78.52656600880437,13603.957142857143,66.32713283354845,0.0,28,29,30,31,34,43,49,53,58,79,79
