Type,Name,Request Count,Failure Count,Median Response Time,Average Response Time,Min Response Time,Max Response Time,Average Content Size,Requests/s,Failures/s,50%,66%,75%,80%,90%,95%,98%,99%,99.9%,99.99%,100%
POST,Single_Mixed_Search,1620,0,26,22.643690792226412,2.9979860119055957,58.68084999383427,16491.451851851853,85.22931184226749,0.0,26,28,29,30,32,34,37,40,53,59,59
,Aggregated,1620,0,26,22.643690792226412,2.9979860119055957,58.68084999383427,16491.451851851853,85.22931184226749,0.0,26,28,29,30,32,34,37,40,53,59,59
