Type,Name,Request Count,Failure Count,Median Response Time,Average Response Time,Min Response Time,Max Response Time,Average Content Size,Requests/s,Failures/s,50%,66%,75%,80%,90%,95%,98%,99%,99.9%,99.99%,100%
POST,Single_Vector_Search,2214,0,16,16.448165381864865,13.772100995993242,35.620534006739035,13490.060523938573,116.5045592050792,0.0,16,16,17,17,18,18,26,27,31,36,36
,Aggregated,2214,0,16,16.448165381864865,13.772100995993242,35.620534006739035,13490.060523938573,116.5045592050792,0.0,16,16,17,17,18,18,26,27,31,36,36
