Type,Name,Request Count,Failure Count,Median Response Time,Average Response Time,Min Response Time,Max Response Time,Average Content Size,Requests/s,Failures/s,50%,66%,75%,80%,90%,95%,98%,99%,99.9%,99.99%,100%
POST,BM25_Multi_Collection_Search,14932,0,2500.0,2570.0728793501808,166.09648102894425,11233.116189949214,3781556.9077149746,48.79832922628093,0.0,2500,2700,2800,2800,3900,4100,4900,5100,9300,11000,11000
,Aggregated,14932,0,2500.0,2570.0728793501808,166.09648102894425,11233.116189949214,3781556.9077149746,48.79832922628093,0.0,2500,2700,2800,2800,3900,4100,4900,5100,9300,11000,11000
