Type,Name,Request Count,Failure Count,Median Response Time,Average Response Time,Min Response Time,Max Response Time,Average Content Size,Requests/s,Failures/s,50%,66%,75%,80%,90%,95%,98%,99%,99.9%,99.99%,100%
POST,BM25_Multi_Collection_Search,293,0,110.0,111.19635594605846,79.15097501245327,188.53027597651817,3754038.2593856654,15.418645178619716,0.0,110,110,120,130,140,150,170,190,190,190,190
,Aggregated,293,0,110.0,111.19635594605846,79.15097501245327,188.53027597651817,3754038.2593856654,15.418645178619716,0.0,110,110,120,130,140,150,170,190,190,190,190
