Type,Name,Request Count,Failure Count,Median Response Time,Average Response Time,Min Response Time,Max Response Time,Average Content Size,Requests/s,Failures/s,50%,66%,75%,80%,90%,95%,98%,99%,99.9%,99.99%,100%
POST,BM25_Multi_Collection_Search,298,0,100.0,109.87806858044843,75.63487099832855,174.31411999859847,3644904.7382550337,15.629038054771868,0.0,100,110,130,130,140,150,160,170,170,170,170
,Aggregated,298,0,100.0,109.87806858044843,75.63487099832855,174.31411999859847,3644904.7382550337,15.629038054771868,0.0,100,110,130,130,140,150,160,170,170,170,170
