Type,Name,Request Count,Failure Count,Median Response Time,Average Response Time,Min Response Time,Max Response Time,Average Content Size,Requests/s,Failures/s,50%,66%,75%,80%,90%,95%,98%,99%,99.9%,99.99%,100%
POST,Hybrid_0.1_Multi_Collection_Search,136,0,250.0,257.03842974732703,217.30393398320302,326.7074989853427,3539886.375,7.159512576335037,0.0,250,260,270,270,280,290,300,310,330,330,330
,Aggregated,136,0,250.0,257.03842974732703,217.30393398320302,326.7074989853427,3539886.375,7.159512576335037,0.0,250,260,270,270,280,290,300,310,330,330,330
