Type,Name,Request Count,Failure Count,Median Response Time,Average Response Time,Min Response Time,Max Response Time,Average Content Size,Requests/s,Failures/s,50%,66%,75%,80%,90%,95%,98%,99%,99.9%,99.99%,100%
POST,Hybrid_0.9_Multi_Collection_Search,11470,0,6200.0,6895.181005985825,372.3436389118433,34538.84481312707,2915120.3262423715,38.340462783612054,0.0,6200,7800,9000,9900,13000,15000,18000,21000,27000,34000,35000
,Aggregated,11470,0,6200.0,6895.181005985825,372.3436389118433,34538.84481312707,2915120.3262423715,38.340462783612054,0.0,6200,7800,9000,9900,13000,15000,18000,21000,27000,34000,35000
