Type,Name,Request Count,Failure Count,Median Response Time,Average Response Time,Min Response Time,Max Response Time,Average Content Size,Requests/s,Failures/s,50%,66%,75%,80%,90%,95%,98%,99%,99.9%,99.99%,100%
POST,Hybrid_0.9_Multi_Collection_Search,138,0,250.0,253.7435567176452,226.03744099615142,328.66641497821547,2826873.6231884058,7.289278890331514,0.0,250,260,260,270,280,280,300,310,330,330,330
,Aggregated,138,0,250.0,253.7435567176452,226.03744099615142,328.66641497821547,2826873.6231884058,7.289278890331514,0.0,250,260,260,270,280,280,300,310,330,330,330
