Type,Name,Request Count,Failure Count,Median Response Time,Average Response Time,Min Response Time,Max Response Time,Average Content Size,Requests/s,Failures/s,50%,66%,75%,80%,90%,95%,98%,99%,99.9%,99.99%,100%
POST,Hybrid_0.9_Multi_Collection_Search,140,0,240.0,249.87326164867096,224.1435920004733,302.32121399603784,2996652.25,7.376959028231594,0.0,240,250,260,260,280,290,300,300,300,300,300
,Aggregated,140,0,240.0,249.87326164867096,224.1435920004733,302.32121399603784,2996652.25,7.376959028231594,0.0,240,250,260,260,280,290,300,300,300,300,300
