Type,Name,Request Count,Failure Count,Median Response Time,Average Response Time,Min Response Time,Max Response Time,Average Content Size,Requests/s,Failures/s,50%,66%,75%,80%,90%,95%,98%,99%,99.9%,99.99%,100%
POST,Mixed_bm25_Multi_Collection,55,0,120.0,122.47122401604429,80.33741399412975,154.6195639821235,4004053.8545454545,2.903213533957315,0.0,120,140,140,150,150,150,150,150,150,150,150
POST,Mixed_hybrid_01_Multi_Collection,46,0,260.0,261.21161902088005,231.0799460101407,330.44736000010744,3216973.1304347827,2.428142228400663,0.0,260,260,260,280,290,290,330,330,330,330,330
POST,Mixed_hybrid_09_Multi_Collection,63,0,250.0,251.06162400195552,226.43852699548006,297.1878940006718,2815128.4603174604,3.3254991388965607,0.0,250,250,260,260,270,270,290,300,300,300,300
,Aggregated,164,0,240.0,210.783744560769,80.33741399412975,330.44736000010744,3326565.9695121953,8.656854901254539,0.0,240,250,260,260,270,280,290,310,330,330,330
