Type,Name,Request Count,Failure Count,Median Response Time,Average Response Time,Min Response Time,Max Response Time,Average Content Size,Requests/s,Failures/s,50%,66%,75%,80%,90%,95%,98%,99%,99.9%,99.99%,100%
POST,Vector_Multi_Collection_Search,15825,0,2300.0,2279.819834221045,299.53527287580073,7211.8844168726355,2876540.3485624013,52.25381407017623,0.0,2300,2400,2500,2600,2700,2800,3700,3800,4700,6900,7200
,Aggregated,15825,0,2300.0,2279.819834221045,299.53527287580073,7211.8844168726355,2876540.3485624013,52.25381407017623,0.0,2300,2400,2500,2600,2700,2800,3700,3800,4700,6900,7200
