Type,Name,Request Count,Failure Count,Median Response Time,Average Response Time,Min Response Time,Max Response Time,Average Content Size,Requests/s,Failures/s,50%,66%,75%,80%,90%,95%,98%,99%,99.9%,99.99%,100%
POST,Vector_Multi_Collection_Search,15819,0,2300.0,2350.221064653527,311.59220403060317,12342.02312096022,2888280.3444591947,51.81707925883555,0.0,2300,2500,2500,2600,2700,3000,3800,7100,10000,11000,12000
,Aggregated,15819,0,2300.0,2350.221064653527,311.59220403060317,12342.02312096022,2888280.3444591947,51.81707925883555,0.0,2300,2500,2500,2600,2700,3000,3800,7100,10000,11000,12000
