Type,Name,Request Count,Failure Count,Median Response Time,Average Response Time,Min Response Time,Max Response Time,Average Content Size,Requests/s,Failures/s,50%,66%,75%,80%,90%,95%,98%,99%,99.9%,99.99%,100%
POST,Vector_Multi_Collection_Search,148,0,230.0,235.46559897914523,207.45338400593027,327.4703259812668,2929339.2027027025,7.777301195752698,0.0,230,240,240,250,260,270,290,290,330,330,330
,Aggregated,148,0,230.0,235.46559897914523,207.45338400593027,327.4703259812668,2929339.2027027025,7.777301195752698,0.0,230,240,240,250,260,270,290,290,330,330,330
