Type,Name,Request Count,Failure Count,Median Response Time,Average Response Time,Min Response Time,Max Response Time,Average Content Size,Requests/s,Failures/s,50%,66%,75%,80%,90%,95%,98%,99%,99.9%,99.99%,100%
POST,Tax_Mixed,7764,0,3500.0,3705.999609069753,109.89687300752848,10945.19152698922,9522245.590932509,25.928729310602296,0.0,3500,4300,4900,5100,5500,6200,7300,7800,9500,11000,11000
,Aggregated,7764,0,3500.0,3705.999609069753,109.89687300752848,10945.19152698922,9522245.590932509,25.928729310602296,0.0,3500,4300,4900,5100,5500,6200,7300,7800,9500,11000,11000
