Type,Name,Request Count,Failure Count,Median Response Time,Average Response Time,Min Response Time,Max Response Time,Average Content Size,Requests/s,Failures/s,50%,66%,75%,80%,90%,95%,98%,99%,99.9%,99.99%,100%
POST,BM25_Multi_Collection_Search,375,0,84,87.718811191308,58.78026501159184,183.6952910234686,2685425.9893333334,19.720587150571728,0.0,84,90,96,100,110,130,140,150,180,180,180
,Aggregated,375,0,84,87.718811191308,58.78026501159184,183.6952910234686,2685425.9893333334,19.720587150571728,0.0,84,90,96,100,110,130,140,150,180,180,180
