Type,Name,Request Count,Failure Count,Median Response Time,Average Response Time,Min Response Time,Max Response Time,Average Content Size,Requests/s,Failures/s,50%,66%,75%,80%,90%,95%,98%,99%,99.9%,99.99%,100%
POST,Hybrid_0.9_Multi_Collection_Search,156,0,220.0,226.31029193573153,202.40031799767166,288.0098489986267,2090718.2564102565,8.224646094994148,0.0,220,230,230,230,250,260,270,280,290,290,290
,Aggregated,156,0,220.0,226.31029193573153,202.40031799767166,288.0098489986267,2090718.2564102565,8.224646094994148,0.0,220,230,230,230,250,260,270,280,290,290,290
