Type,Name,Request Count,Failure Count,Median Response Time,Average Response Time,Min Response Time,Max Response Time,Average Content Size,Requests/s,Failures/s,50%,66%,75%,80%,90%,95%,98%,99%,99.9%,99.99%,100%
POST,Hybrid_0.1_Multi_Collection_Search,146,0,240.0,242.50708412588733,214.0243529865984,306.8629800109193,2585075.0616438356,7.667020869433721,0.0,240,250,250,260,260,270,280,290,310,310,310
,Aggregated,146,0,240.0,242.50708412588733,214.0243529865984,306.8629800109193,2585075.0616438356,7.667020869433721,0.0,240,250,250,260,260,270,280,290,310,310,310
