Type,Name,Request Count,Failure Count,Median Response Time,Average Response Time,Min Response Time,Max Response Time,Average Content Size,Requests/s,Failures/s,50%,66%,75%,80%,90%,95%,98%,99%,99.9%,99.99%,100%
POST,Mixed_bm25_Multi_Collection,54,0,76,85.82920635213938,58.62833099672571,126.65826198644936,2612790.685185185,2.8466573128952666,0.0,77,96,110,110,120,130,130,130,130,130,130
POST,Mixed_hybrid_01_Multi_Collection,67,0,230.0,234.99336029852935,210.19083799910732,291.4418099971954,2559160.895522388,3.5319637030367197,0.0,230,240,240,240,260,270,280,290,290,290,290
POST,Mixed_hybrid_09_Multi_Collection,65,0,220.0,224.2656231235462,204.15361199411564,283.11987401684746,2366655.8615384614,3.426531950707265,0.0,220,230,230,230,240,260,280,280,280,280,280
,Aggregated,186,0,220.0,187.9386977744489,58.62833099672571,291.4418099971954,2507457.569892473,9.805152966639252,0.0,220,230,230,230,240,260,280,280,290,290,290
