Type,Name,Request Count,Failure Count,Median Response Time,Average Response Time,Min Response Time,Max Response Time,Average Content Size,Requests/s,Failures/s,50%,66%,75%,80%,90%,95%,98%,99%,99.9%,99.99%,100%
POST,Vector_Multi_Collection_Search,161,0,220.0,219.10140500150865,198.38430301751941,262.12350398418494,2181438.1801242237,8.474884216327379,0.0,220,220,220,230,230,240,240,250,260,260,260
,Aggregated,161,0,220.0,219.10140500150865,198.38430301751941,262.12350398418494,2181438.1801242237,8.474884216327379,0.0,220,220,220,230,230,240,240,250,260,260,260
