Type,Name,Request Count,Failure Count,Median Response Time,Average Response Time,Min Response Time,Max Response Time,Average Content Size,Requests/s,Failures/s,50%,66%,75%,80%,90%,95%,98%,99%,99.9%,99.99%,100%
POST,Mixed_bm25_Multi_Collection,2806,0,800.0,922.1833110718727,101.57413897104561,3556.8488880526274,3115287.8560228082,9.358555321748836,0.0,800,1000,1200,1300,1600,1900,2300,2500,3100,3600,3600
POST,Mixed_hybrid_0.1_Multi_Collection,2749,0,1800.0,1822.7467833883175,272.74309599306434,3950.540233985521,4489475.922517279,9.168449244293496,0.0,1800,2100,2300,2400,2800,3100,3300,3500,3800,4000,4000
POST,Mixed_hybrid_0.9_Multi_Collection,2721,0,1700.0,1703.6125878570892,280.21590900607407,3919.3159549613483,2567333.4976111725,9.075063802736487,0.0,1700,1900,2100,2200,2700,2900,3300,3400,3700,3900,3900
,Aggregated,8276,0,1400.0,1478.2391408846393,101.57413897104561,3950.540233985521,3391587.9026099565,27.60206836877882,0.0,1400,1800,2000,2100,2500,2900,3200,3400,3700,4000,4000
