Type,Name,Request Count,Failure Count,Median Response Time,Average Response Time,Min Response Time,Max Response Time,Average Content Size,Requests/s,Failures/s,50%,66%,75%,80%,90%,95%,98%,99%,99.9%,99.99%,100%
POST,BM25_Multi_Collection_Search,808,0,37,41.98859061936745,25.481695018243045,121.94826200720854,801555.2636138614,42.51539562083592,0.0,37,45,49,51,59,74,81,87,120,120,120
,Aggregated,808,0,37,41.98859061936745,25.481695018243045,121.94826200720854,801555.2636138614,42.51539562083592,0.0,37,45,49,51,59,74,81,87,120,120,120
