Type,Name,Request Count,Failure Count,Median Response Time,Average Response Time,Min Response Time,Max Response Time,Average Content Size,Requests/s,Failures/s,50%,66%,75%,80%,90%,95%,98%,99%,99.9%,99.99%,100%
POST,Hybrid_0.9_Multi_Collection_Search,185,0,190.0,195.5883630379921,171.83682398172095,254.2977879929822,718710.0702702702,9.762386303882497,0.0,190,200,200,200,210,220,240,240,250,250,250
,Aggregated,185,0,190.0,195.5883630379921,171.83682398172095,254.2977879929822,718710.0702702702,9.762386303882497,0.0,190,200,200,200,210,220,240,240,250,250,250
