Type,Name,Request Count,Failure Count,Median Response Time,Average Response Time,Min Response Time,Max Response Time,Average Content Size,Requests/s,Failures/s,50%,66%,75%,80%,90%,95%,98%,99%,99.9%,99.99%,100%
POST,Hybrid_0.1_Multi_Collection_Search,182,0,200.0,198.63806118287408,175.8307069831062,268.25220498722047,796822.489010989,9.56805870643233,0.0,200,200,200,210,210,230,240,250,270,270,270
,Aggregated,182,0,200.0,198.63806118287408,175.8307069831062,268.25220498722047,796822.489010989,9.56805870643233,0.0,200,200,200,210,210,230,240,250,270,270,270
