Type,Name,Request Count,Failure Count,Median Response Time,Average Response Time,Min Response Time,Max Response Time,Average Content Size,Requests/s,Failures/s,50%,66%,75%,80%,90%,95%,98%,99%,99.9%,99.99%,100%
POST,Mixed_bm25_Multi_Collection,63,0,35,44.598746923304766,26.816051016794518,110.10108099435456,732857.4126984127,3.321824605534105,0.0,35,48,53,61,74,85,89,110,110,110,110
POST,Mixed_hybrid_01_Multi_Collection,86,0,200.0,201.6400826017394,184.32679699617438,256.91348101827316,776918.1395348837,4.5345542234275085,0.0,200,200,200,210,220,230,250,260,260,260,260
POST,Mixed_hybrid_09_Multi_Collection,81,0,190.0,195.31756155710252,176.76058699726127,243.32023301394656,636873.4814814815,4.270917349972421,0.0,190,200,200,200,210,210,230,240,240,240,240
,Aggregated,230,0,190.0,156.39778541757866,26.816051016794518,256.91348101827316,715529.2565217392,12.127296178934033,0.0,190,200,200,200,210,220,240,240,260,260,260
