Type,Name,Request Count,Failure Count,Median Response Time,Average Response Time,Min Response Time,Max Response Time,Average Content Size,Requests/s,Failures/s,50%,66%,75%,80%,90%,95%,98%,99%,99.9%,99.99%,100%
POST,Vector_Multi_Collection_Search,206,0,170.0,175.72033361535185,159.87710800254717,221.80345200467855,637606.495145631,10.845896002384919,0.0,170,180,180,180,190,200,210,210,220,220,220
,Aggregated,206,0,170.0,175.72033361535185,159.87710800254717,221.80345200467855,637606.495145631,10.845896002384919,0.0,170,180,180,180,190,200,210,210,220,220,220
