Type,Name,Request Count,Failure Count,Median Response Time,Average Response Time,Min Response Time,Max Response Time,Average Content Size,Requests/s,Failures/s,50%,66%,75%,80%,90%,95%,98%,99%,99.9%,99.99%,100%
POST,Single_BM25_Search,2373,0,11,14.590746491118791,6.1902820016257465,69.81387300766073,174424.1571849979,124.7568905167746,0.0,11,16,18,19,24,34,40,44,62,70,70
,Aggregated,2373,0,11,14.590746491118791,6.1902820016257465,69.81387300766073,174424.1571849979,124.7568905167746,0.0,11,16,18,19,24,34,40,44,62,70,70
