Type,Name,Request Count,Failure Count,Median Response Time,Average Response Time,Min Response Time,Max Response Time,Average Content Size,Requests/s,Failures/s,50%,66%,75%,80%,90%,95%,98%,99%,99.9%,99.99%,100%
POST,Single_BM25_Search,2394,0,11,14.428451951214738,5.941602983511984,72.36100197769701,173024.19381787803,125.94171473376254,0.0,11,16,18,19,24,34,40,44,54,72,72
,Aggregated,2394,0,11,14.428451951214738,5.941602983511984,72.36100197769701,173024.19381787803,125.94171473376254,0.0,11,16,18,19,24,34,40,44,54,72,72
