Type,Name,Request Count,Failure Count,Median Response Time,Average Response Time,Min Response Time,Max Response Time,Average Content Size,Requests/s,Failures/s,50%,66%,75%,80%,90%,95%,98%,99%,99.9%,99.99%,100%
POST,Single_BM25_Search,178106,0,200.0,201.56764757922656,9.919894859194756,785.6685549486428,180900.76439872885,594.5169484888253,0.0,200,220,230,230,250,270,310,320,450,620,790
,Aggregated,178106,0,200.0,201.56764757922656,9.919894859194756,785.6685549486428,180900.76439872885,594.5169484888253,0.0,200,220,230,230,250,270,310,320,450,620,790
