Type,Name,Request Count,Failure Count,Median Response Time,Average Response Time,Min Response Time,Max Response Time,Average Content Size,Requests/s,Failures/s,50%,66%,75%,80%,90%,95%,98%,99%,99.9%,99.99%,100%
POST,Single_Hybrid01_Search,1096,0,31,32.69902667424019,24.7027299774345,80.18716500373557,166060.4306569343,57.624798795506386,0.0,31,33,34,35,38,46,52,56,79,80,80
,Aggregated,1096,0,31,32.69902667424019,24.7027299774345,80.18716500373557,166060.4306569343,57.624798795506386,0.0,31,33,34,35,38,46,52,56,79,80,80
