Type,Name,Request Count,Failure Count,Median Response Time,Average Response Time,Min Response Time,Max Response Time,Average Content Size,Requests/s,Failures/s,50%,66%,75%,80%,90%,95%,98%,99%,99.9%,99.99%,100%
POST,Single_Hybrid09_Search,1119,0,31,32.11645835335283,24.463901994749904,66.46160100353882,139647.6344950849,58.8698080396388,0.0,31,32,33,34,38,48,54,56,65,66,66
,Aggregated,1119,0,31,32.11645835335283,24.463901994749904,66.46160100353882,139647.6344950849,58.8698080396388,0.0,31,32,33,34,38,48,54,56,65,66,66
