Type,Name,Request Count,Failure Count,Median Response Time,Average Response Time,Min Response Time,Max Response Time,Average Content Size,Requests/s,Failures/s,50%,66%,75%,80%,90%,95%,98%,99%,99.9%,99.99%,100%
POST,Single_Hybrid09_Search,1100,0,31,32.64448909813919,24.48397397529334,72.37439099117182,139819.85545454547,57.87854733343363,0.0,31,33,34,35,39,47,52,56,72,72,72
,Aggregated,1100,0,31,32.64448909813919,24.48397397529334,72.37439099117182,139819.85545454547,57.87854733343363,0.0,31,33,34,35,39,47,52,56,72,72,72
