Type,Name,Request Count,Failure Count,Median Response Time,Average Response Time,Min Response Time,Max Response Time,Average Content Size,Requests/s,Failures/s,50%,66%,75%,80%,90%,95%,98%,99%,99.9%,99.99%,100%
POST,Single_Mixed_Search,1321,0,30,26.969268038577383,7.093263993738219,77.62531298794784,162180.56775170326,69.49133545572123,0.0,30,32,33,34,36,38,41,45,78,78,78
,Aggregated,1321,0,30,26.969268038577383,7.093263993738219,77.62531298794784,162180.56775170326,69.49133545572123,0.0,30,32,33,34,36,38,41,45,78,78,78
