Type,Name,Request Count,Failure Count,Median Response Time,Average Response Time,Min Response Time,Max Response Time,Average Content Size,Requests/s,Failures/s,50%,66%,75%,80%,90%,95%,98%,99%,99.9%,99.99%,100%
POST,Single_Vector_Search,1217,0,29,29.337206101514692,23.90425800695084,49.94435899425298,139950.64585045193,64.03302355974688,0.0,29,30,31,31,33,35,38,42,50,50,50
,Aggregated,1217,0,29,29.337206101514692,23.90425800695084,49.94435899425298,139950.64585045193,64.03302355974688,0.0,29,30,31,31,33,35,38,42,50,50,50
