Type,Name,Request Count,Failure Count,Median Response Time,Average Response Time,Min Response Time,Max Response Time,Average Content Size,Requests/s,Failures/s,50%,66%,75%,80%,90%,95%,98%,99%,99.9%,99.99%,100%
POST,Single_Vector_Search,171807,0,210.0,203.43175145448916,31.881020171567798,860.9173980075866,140188.9306198234,573.7005475494872,0.0,210,220,230,230,240,250,260,270,330,650,860
,Aggregated,171807,0,210.0,203.43175145448916,31.881020171567798,860.9173980075866,140188.9306198234,573.7005475494872,0.0,210,220,230,230,240,250,260,270,330,650,860
