Type,Name,Request Count,Failure Count,Median Response Time,Average Response Time,Min Response Time,Max Response Time,Average Content Size,Requests/s,Failures/s,50%,66%,75%,80%,90%,95%,98%,99%,99.9%,99.99%,100%
POST,Single_Vector_Search,1230,0,28,29.015969128179464,23.67459100787528,50.13019198668189,140380.27398373984,64.73353604904325,0.0,28,30,30,31,32,34,37,40,50,50,50
,Aggregated,1230,0,28,29.015969128179464,23.67459100787528,50.13019198668189,140380.27398373984,64.73353604904325,0.0,28,30,30,31,32,34,37,40,50,50,50
