Type,Name,Request Count,Failure Count,Median Response Time,Average Response Time,Min Response Time,Max Response Time,Average Content Size,Requests/s,Failures/s,50%,66%,75%,80%,90%,95%,98%,99%,99.9%,99.99%,100%
POST,Tax_Mixed,7716,0,3600.0,3724.9531638273297,126.19672398432158,10498.939364973921,9595529.46734059,25.764998558089136,0.0,3600,4300,4800,5100,5500,6100,7300,7800,9900,10000,10000
,Aggregated,7716,0,3600.0,3724.9531638273297,126.19672398432158,10498.939364973921,9595529.46734059,25.764998558089136,0.0,3600,4300,4800,5100,5500,6100,7300,7800,9900,10000,10000
