Type,Name,Request Count,Failure Count,Median Response Time,Average Response Time,Min Response Time,Max Response Time,Average Content Size,Requests/s,Failures/s,50%,66%,75%,80%,90%,95%,98%,99%,99.9%,99.99%,100%
POST,BM25_Multi_Collection_Search,517,0,60,64.29743973663928,41.97139400639571,138.24390599620529,1661642.075435203,27.188773393595817,0.0,60,68,74,76,86,99,110,110,140,140,140
,Aggregated,517,0,60,64.29743973663928,41.97139400639571,138.24390599620529,1661642.075435203,27.188773393595817,0.0,60,68,74,76,86,99,110,110,140,140,140
