Type,Name,Request Count,Failure Count,Median Response Time,Average Response Time,Min Response Time,Max Response Time,Average Content Size,Requests/s,Failures/s,50%,66%,75%,80%,90%,95%,98%,99%,99.9%,99.99%,100%
POST,BM25_Multi_Collection_Search,527,0,58,62.92533958432365,41.820195998298004,138.45489398227073,1691119.1385199241,27.73350364910294,0.0,58,65,71,76,86,98,110,110,140,140,140
,Aggregated,527,0,58,62.92533958432365,41.820195998298004,138.45489398227073,1691119.1385199241,27.73350364910294,0.0,58,65,71,76,86,98,110,110,140,140,140
