Type,Name,Request Count,Failure Count,Median Response Time,Average Response Time,Min Response Time,Max Response Time,Average Content Size,Requests/s,Failures/s,50%,66%,75%,80%,90%,95%,98%,99%,99.9%,99.99%,100%
POST,Hybrid_0.9_Multi_Collection_Search,172,0,200.0,207.5698176531871,187.8967200173065,263.09223199496046,1414586.3372093022,9.070768386140427,0.0,210,210,210,220,230,230,250,260,260,260,260
,Aggregated,172,0,200.0,207.5698176531871,187.8967200173065,263.09223199496046,1414586.3372093022,9.070768386140427,0.0,210,210,210,220,230,230,250,260,260,260,260
