Type,Name,Request Count,Failure Count,Median Response Time,Average Response Time,Min Response Time,Max Response Time,Average Content Size,Requests/s,Failures/s,50%,66%,75%,80%,90%,95%,98%,99%,99.9%,99.99%,100%
POST,Hybrid_0.1_Multi_Collection_Search,166,0,210.0,215.4864553617754,191.0509640001692,268.3774559991434,1599169.1807228916,8.7347833553645,0.0,210,220,220,220,240,250,260,260,270,270,270
,Aggregated,166,0,210.0,215.4864553617754,191.0509640001692,268.3774559991434,1599169.1807228916,8.7347833553645,0.0,210,220,220,220,240,250,260,260,270,270,270
