Type,Name,Request Count,Failure Count,Median Response Time,Average Response Time,Min Response Time,Max Response Time,Average Content Size,Requests/s,Failures/s,50%,66%,75%,80%,90%,95%,98%,99%,99.9%,99.99%,100%
POST,Hybrid_0.9_Multi_Collection_Search,168,0,210.0,212.2726974651284,188.64833301631734,258.0820430011954,1415801.857142857,8.86661491561118,0.0,210,210,220,220,230,240,250,260,260,260,260
,Aggregated,168,0,210.0,212.2726974651284,188.64833301631734,258.0820430011954,1415801.857142857,8.86661491561118,0.0,210,210,220,220,230,240,250,260,260,260,260
