Type,Name,Request Count,Failure Count,Median Response Time,Average Response Time,Min Response Time,Max Response Time,Average Content Size,Requests/s,Failures/s,50%,66%,75%,80%,90%,95%,98%,99%,99.9%,99.99%,100%
POST,Hybrid_0.9_Multi_Collection_Search,19833,0,3900.0,4028.6549738799336,262.65396689996123,16240.8284121193,1402243.5349669743,66.33357533933489,0.0,3900,4600,5100,5400,6400,7400,8700,9800,13000,16000,16000
,Aggregated,19833,0,3900.0,4028.6549738799336,262.65396689996123,16240.8284121193,1402243.5349669743,66.33357533933489,0.0,3900,4600,5100,5400,6400,7400,8700,9800,13000,16000,16000
