Type,Name,Request Count,Failure Count,Median Response Time,Average Response Time,Min Response Time,Max Response Time,Average Content Size,Requests/s,Failures/s,50%,66%,75%,80%,90%,95%,98%,99%,99.9%,99.99%,100%
POST,Mixed_bm25_Multi_Collection,91,0,55,69.55176593408316,42.114645009860396,114.79951400542632,1585493.857142857,4.783314096602547,0.0,55,82,97,100,110,110,110,110,110,110,110
POST,Mixed_hybrid_01_Multi_Collection,56,0,220.0,219.17061799987485,198.24507998418994,273.11590799945407,1804067.25,2.9435779056015674,0.0,220,220,230,230,230,240,250,270,270,270,270
POST,Mixed_hybrid_09_Multi_Collection,78,0,210.0,213.81462324307694,194.50103599228896,254.58534000790678,1376528.217948718,4.099983511373612,0.0,210,220,220,220,230,240,250,250,250,250,250
,Aggregated,225,0,210.0,156.80135964868694,42.114645009860396,273.11590799945407,1567452.9244444445,11.826875513577727,0.0,210,210,220,220,230,230,250,250,270,270,270
