Type,Name,Request Count,Failure Count,Median Response Time,Average Response Time,Min Response Time,Max Response Time,Average Content Size,Requests/s,Failures/s,50%,66%,75%,80%,90%,95%,98%,99%,99.9%,99.99%,100%
POST,Vector_Multi_Collection_Search,24335,0,2100.0,2232.6549176723406,249.4485699571669,8781.958258943632,1397887.7258269982,81.17796171432245,0.0,2100,2400,2600,2800,3500,4000,4600,5000,6400,8400,8800
,Aggregated,24335,0,2100.0,2232.6549176723406,249.4485699571669,8781.958258943632,1397887.7258269982,81.17796171432245,0.0,2100,2400,2600,2800,3500,4000,4600,5000,6400,8400,8800
