Type,Name,Request Count,Failure Count,Median Response Time,Average Response Time,Min Response Time,Max Response Time,Average Content Size,Requests/s,Failures/s,50%,66%,75%,80%,90%,95%,98%,99%,99.9%,99.99%,100%
POST,Vector_Multi_Collection_Search,179,0,200.0,198.2860494086027,180.45492499368265,243.10997198335826,1325169.3184357542,9.485738354805862,0.0,200,200,200,210,210,220,230,240,240,240,240
,Aggregated,179,0,200.0,198.2860494086027,180.45492499368265,243.10997198335826,1325169.3184357542,9.485738354805862,0.0,200,200,200,210,210,220,230,240,240,240,240
