Type,Name,Request Count,Failure Count,Median Response Time,Average Response Time,Min Response Time,Max Response Time,Average Content Size,Requests/s,Failures/s,50%,66%,75%,80%,90%,95%,98%,99%,99.9%,99.99%,100%
POST,Vector_Multi_Collection_Search,176,0,200.0,202.42050838748003,181.54621400753967,251.51425300282426,1453412.4147727273,9.28132694808067,0.0,200,200,210,210,210,220,230,240,250,250,250
,Aggregated,176,0,200.0,202.42050838748003,181.54621400753967,251.51425300282426,1453412.4147727273,9.28132694808067,0.0,200,200,210,210,210,220,230,240,250,250,250
