Type,Name,Request Count,Failure Count,Median Response Time,Average Response Time,Min Response Time,Max Response Time,Average Content Size,Requests/s,Failures/s,50%,66%,75%,80%,90%,95%,98%,99%,99.9%,99.99%,100%
POST,Single_BM25_Search,2976,0,9,11.889433085539217,4.280846012989059,61.612260004039854,86362.4932795699,156.49951860618955,0.0,9,13,15,17,22,30,34,37,48,62,62
,Aggregated,2976,0,9,11.889433085539217,4.280846012989059,61.612260004039854,86362.4932795699,156.49951860618955,0.0,9,13,15,17,22,30,34,37,48,62,62
