Type,Name,Request Count,Failure Count,Median Response Time,Average Response Time,Min Response Time,Max Response Time,Average Content Size,Requests/s,Failures/s,50%,66%,75%,80%,90%,95%,98%,99%,99.9%,99.99%,100%
POST,Single_Hybrid01_Search,1184,0,29,30.6442630103816,22.913422988494858,75.08449401939288,85867.20523648648,62.29189411962363,0.0,29,31,32,33,37,46,49,52,64,75,75
,Aggregated,1184,0,29,30.6442630103816,22.913422988494858,75.08449401939288,85867.20523648648,62.29189411962363,0.0,29,31,32,33,37,46,49,52,64,75,75
