Type,Name,Request Count,Failure Count,Median Response Time,Average Response Time,Min Response Time,Max Response Time,Average Content Size,Requests/s,Failures/s,50%,66%,75%,80%,90%,95%,98%,99%,99.9%,99.99%,100%
POST,Single_Hybrid09_Search,1205,0,29,30.15717879484535,22.39647100213915,65.8445919980295,66629.69211618257,63.41806920777547,0.0,29,30,32,32,36,45,49,53,63,66,66
,Aggregated,1205,0,29,30.15717879484535,22.39647100213915,65.8445919980295,66629.69211618257,63.41806920777547,0.0,29,30,32,32,36,45,49,53,63,66,66
