Type,Name,Request Count,Failure Count,Median Response Time,Average Response Time,Min Response Time,Max Response Time,Average Content Size,Requests/s,Failures/s,50%,66%,75%,80%,90%,95%,98%,99%,99.9%,99.99%,100%
POST,Single_Mixed_Search,1480,0,28,24.453790003148292,4.793792992131785,61.896344006527215,81281.07432432432,77.79077830943088,0.0,28,30,31,31,34,35,39,44,56,62,62
,Aggregated,1480,0,28,24.453790003148292,4.793792992131785,61.896344006527215,81281.07432432432,77.79077830943088,0.0,28,30,31,31,34,35,39,44,56,62,62
