Type,Name,Request Count,Failure Count,Median Response Time,Average Response Time,Min Response Time,Max Response Time,Average Content Size,Requests/s,Failures/s,50%,66%,75%,80%,90%,95%,98%,99%,99.9%,99.99%,100%
POST,Single_Vector_Search,1468,0,24,24.645409296733508,20.151044998783618,57.192394975572824,67575.35626702997,77.18943486143904,0.0,24,25,26,26,28,29,31,34,54,57,57
,Aggregated,1468,0,24,24.645409296733508,20.151044998783618,57.192394975572824,67575.35626702997,77.18943486143904,0.0,24,25,26,26,28,29,31,34,54,57,57
