Type,Name,Request Count,Failure Count,Median Response Time,Average Response Time,Min Response Time,Max Response Time,Average Content Size,Requests/s,Failures/s,50%,66%,75%,80%,90%,95%,98%,99%,99.9%,99.99%,100%
POST,Mixed_bm25_Multi_Collection,4646,0,560.0,688.2808542734533,17.634420015383512,4785.055551968981,161787.48514851485,15.510721062782018,0.0,560,760,890,990,1300,1700,2400,2700,3800,4800,4800
POST,Mixed_hybrid_0.1_Multi_Collection,4455,0,2600.0,2849.648356874212,199.4649470434524,8913.019977975637,168372.86711560044,14.873065504669368,0.0,2600,2900,3200,3500,4300,4800,5600,6200,7700,8900,8900
POST,Mixed_hybrid_0.9_Multi_Collection,4641,0,2600.0,2784.67949366443,207.89384102681652,8688.271461054683,104247.92609351432,15.494028508904723,0.0,2600,2900,3100,3300,4100,4700,5600,6300,7400,8700,8700
,Aggregated,13742,0,2300.0,2096.9752444277137,17.634420015383512,8913.019977975637,144489.91442293697,45.87781507635611,0.0,2300,2600,2800,3000,3700,4400,5300,5900,7300,8700,8900
