Type,Name,Request Count,Failure Count,Median Response Time,Average Response Time,Min Response Time,Max Response Time,Average Content Size,Requests/s,Failures/s,50%,66%,75%,80%,90%,95%,98%,99%,99.9%,99.99%,100%
POST,Mixed_bm25_Multi_Collection,23444,0,240.0,336.858563338832,5.415419000200927,5107.950448000338,89649.28770687596,78.24713138783018,0.0,240,320,380,420,550,800,2000,2500,3200,4700,5100
POST,Mixed_hybrid_0.1_Multi_Collection,23372,0,360.0,466.4004743920606,27.944164990913123,5190.65161497565,102431.56704603799,78.00682284577576,0.0,360,430,490,520,650,1300,2300,2700,3500,4700,5200
POST,Mixed_hybrid_0.9_Multi_Collection,23444,0,340.0,432.7617704217675,28.030471003148705,5058.7662649923,55004.44126428937,78.24713138783018,0.0,340,400,450,490,600,930,2200,2700,3700,4700,5100
,Aggregated,70260,0,320.0,411.9511954479719,5.415419000200927,5190.65161497565,82341.19850555081,234.50108562143612,0.0,320,390,450,480,600,970,2200,2600,3500,4700,5200
