Type,Name,Request Count,Failure Count,Median Response Time,Average Response Time,Min Response Time,Max Response Time,Average Content Size,Requests/s,Failures/s,50%,66%,75%,80%,90%,95%,98%,99%,99.9%,99.99%,100%
POST,Mixed_bm25_Multi_Collection,4189,0,110.0,126.61114169030027,31.82064602151513,802.9788809944876,801318.670327047,13.983288635932775,0.0,110,130,160,170,220,270,360,420,660,800,800
POST,Mixed_hybrid_0.1_Multi_Collection,4104,0,380.0,433.2059653226598,176.03671195684,1530.9174539870583,959672.2348927875,13.699550384785894,0.0,380,440,500,550,670,790,940,1000,1400,1500,1500
POST,Mixed_hybrid_0.9_Multi_Collection,4157,0,370.0,421.6536414994048,188.77156701637432,1418.9282029983588,577094.6790955015,13.876469529618655,0.0,370,430,490,520,650,770,910,990,1300,1400,1400
,Aggregated,12450,0,310.0,326.19000336850513,31.82064602151513,1530.9174539870583,778650.7102811245,41.55930855033733,0.0,310,370,420,460,590,700,870,960,1300,1400,1500
