Type,Name,Request Count,Failure Count,Median Response Time,Average Response Time,Min Response Time,Max Response Time,Average Content Size,Requests/s,Failures/s,50%,66%,75%,80%,90%,95%,98%,99%,99.9%,99.99%,100%
POST,Mixed_bm25_Multi_Collection,3288,0,490.0,561.2321913240676,76.13406598102301,2528.5136649617925,2341079.3385036495,10.992850900899823,0.0,490,620,720,770,940,1100,1400,1600,2000,2500,2500
POST,Mixed_hybrid_0.1_Multi_Collection,3231,0,1200.0,1190.5473575016676,230.81036796793342,3121.7723029549234,3265522.4558960074,10.802281405355027,0.0,1200,1400,1500,1500,1800,2000,2400,2500,2900,3100,3100
POST,Mixed_hybrid_0.9_Multi_Collection,3241,0,1100.0,1116.2472057911978,220.09028698084876,2897.850747976918,1878362.0475161986,10.835714650187446,0.0,1100,1300,1400,1400,1600,1900,2200,2400,2800,2900,2900
,Aggregated,9760,0,920.0,953.8675359765057,76.13406598102301,3121.7723029549234,2493457.3069672133,32.6308469564423,0.0,920,1100,1300,1400,1600,1800,2200,2400,2800,3100,3100
