Type,Name,Request Count,Failure Count,Median Response Time,Average Response Time,Min Response Time,Max Response Time,Average Content Size,Requests/s,Failures/s,50%,66%,75%,80%,90%,95%,98%,99%,99.9%,99.99%,100%
POST,Mixed_bm25_Multi_Collection,17408,0,320.0,473.9989732137176,13.450347993057221,5747.389257012401,356329.63419117645,58.25141765136865,0.0,320,430,510,570,770,1700,2700,2900,4200,5500,5700
POST,Mixed_hybrid_0.1_Multi_Collection,17290,0,460.0,628.0698056118348,34.40946200862527,6073.406704002991,412964.7108733372,57.85656084513809,0.0,460,560,640,690,1000,2100,2900,3200,4500,6000,6100
POST,Mixed_hybrid_0.9_Multi_Collection,17199,0,420.0,560.756389479434,36.217843007761985,5662.6371560269035,236422.10209895924,57.55205263016368,0.0,420,510,580,630,810,1800,2800,3100,4300,5600,5700
,Aggregated,51897,0,400.0,554.081164756923,13.450347993057221,6073.406704002991,335460.04310461105,173.66003112667042,0.0,400,510,580,640,840,1800,2800,3100,4300,5700,6100
