Type,Name,Request Count,Failure Count,Median Response Time,Average Response Time,Min Response Time,Max Response Time,Average Content Size,Requests/s,Failures/s,50%,66%,75%,80%,90%,95%,98%,99%,99.9%,99.99%,100%
POST,Hybrid_0.9_Multi_Collection_Search,8777,0,3100.0,3270.6144182066855,237.94734297553077,10154.852198960725,1502549.4839922525,29.37316238180285,0.0,3100,3400,3700,4000,4800,5400,6200,6700,8300,10000,10000
,Aggregated,8777,0,3100.0,3270.6144182066855,237.94734297553077,10154.852198960725,1502549.4839922525,29.37316238180285,0.0,3100,3400,3700,4000,4800,5400,6200,6700,8300,10000,10000
