Type,Name,Request Count,Failure Count,Median Response Time,Average Response Time,Min Response Time,Max Response Time,Average Content Size,Requests/s,Failures/s,50%,66%,75%,80%,90%,95%,98%,99%,99.9%,99.99%,100%
POST,Mixed_bm25_Multi_Collection,3830,0,1200.0,1482.9978718455666,65.52922201808542,7301.457035995554,1570607.708616188,12.809202066004902,0.0,1200,1600,1900,2100,2700,3300,4100,4700,6500,7300,7300
POST,Mixed_hybrid_0.1_Multi_Collection,3808,0,2800.0,3113.6117658276344,240.73694099206477,9071.011343970895,2064183.0388655462,12.735624404006963,0.0,2800,3200,3500,3900,4800,5500,6300,6800,8200,9100,9100
POST,Mixed_hybrid_0.9_Multi_Collection,3773,0,2700.0,2962.365517867495,237.50209499849007,9335.29581699986,1220974.7717996289,12.618569032646604,0.0,2700,3000,3300,3600,4500,5200,6000,6600,8400,9300,9300
,Aggregated,11411,0,2500.0,2516.301862444503,65.52922201808542,9335.29581699986,1619715.5683112785,38.16339550265847,0.0,2500,2800,3100,3300,4200,5000,5800,6400,8100,9100,9300
