Type,Name,Request Count,Failure Count,Median Response Time,Average Response Time,Min Response Time,Max Response Time,Average Content Size,Requests/s,Failures/s,50%,66%,75%,80%,90%,95%,98%,99%,99.9%,99.99%,100%
POST,Mixed_bm25_Multi_Collection,19301,0,280.0,423.7143193074139,12.28243496734649,5780.361242010258,266680.2915392985,64.40165900505201,0.0,280,370,440,500,680,1500,2600,2900,4000,5800,5800
POST,Mixed_hybrid_0.1_Multi_Collection,19512,0,410.0,557.2348514195297,32.61469799326733,7276.838373043574,311063.8603423534,65.10570283957178,0.0,410,490,560,610,810,1900,2800,3100,4400,5600,7300
POST,Mixed_hybrid_0.9_Multi_Collection,19364,0,370.0,506.126096555949,33.363703987561166,7311.404636013322,176150.69913241066,64.61187114521668,0.0,370,450,510,560,730,1700,2800,3000,4200,5500,7300
,Aggregated,58177,0,360.0,495.9262634986299,12.28243496734649,7311.404636013322,251433.66773810957,194.11923298984047,0.0,360,440,510,560,740,1700,2800,3000,4300,5600,7300
