Type,Name,Request Count,Failure Count,Median Response Time,Average Response Time,Min Response Time,Max Response Time,Average Content Size,Requests/s,Failures/s,50%,66%,75%,80%,90%,95%,98%,99%,99.9%,99.99%,100%
POST,Single_BM25_Search,1707,0,17,19.821298020377217,9.999966016039252,62.34178101294674,351529.75571177504,89.74225360613117,0.0,17,21,23,25,32,41,48,52,61,62,62
,Aggregated,1707,0,17,19.821298020377217,9.999966016039252,62.34178101294674,351529.75571177504,89.74225360613117,0.0,17,21,23,25,32,41,48,52,61,62,62
