Type,Name,Request Count,Failure Count,Median Response Time,Average Response Time,Min Response Time,Max Response Time,Average Content Size,Requests/s,Failures/s,50%,66%,75%,80%,90%,95%,98%,99%,99.9%,99.99%,100%
POST,Single_BM25_Search,115144,0,310.0,306.5523411503745,18.461446976289153,1296.2768881116062,362761.58301778644,384.309925214135,0.0,310,330,350,350,370,370,380,390,740,1300,1300
,Aggregated,115144,0,310.0,306.5523411503745,18.461446976289153,1296.2768881116062,362761.58301778644,384.309925214135,0.0,310,330,350,350,370,370,380,390,740,1300,1300
