Type,Name,Request Count,Failure Count,Median Response Time,Average Response Time,Min Response Time,Max Response Time,Average Content Size,Requests/s,Failures/s,50%,66%,75%,80%,90%,95%,98%,99%,99.9%,99.99%,100%
POST,Single_BM25_Search,116487,0,310.0,303.3323548690317,18.439851002767682,994.9088769499213,365208.9014396456,388.4175174706893,0.0,310,330,340,350,360,370,380,400,510,900,990
,Aggregated,116487,0,310.0,303.3323548690317,18.439851002767682,994.9088769499213,365208.9014396456,388.4175174706893,0.0,310,330,340,350,360,370,380,400,510,900,990
