Type,Name,Request Count,Failure Count,Median Response Time,Average Response Time,Min Response Time,Max Response Time,Average Content Size,Requests/s,Failures/s,50%,66%,75%,80%,90%,95%,98%,99%,99.9%,99.99%,100%
POST,Single_Hybrid09_Search,78855,0,370.0,696.1401460374623,38.870475022122264,12782.040352001786,291801.73821571236,263.7245071922306,0.0,370,520,710,920,1700,2400,3600,4800,8400,11000,13000
,Aggregated,78855,0,370.0,696.1401460374623,38.870475022122264,12782.040352001786,291801.73821571236,263.7245071922306,0.0,370,520,710,920,1700,2400,3600,4800,8400,11000,13000
