Type,Name,Request Count,Failure Count,Median Response Time,Average Response Time,Min Response Time,Max Response Time,Average Content Size,Requests/s,Failures/s,50%,66%,75%,80%,90%,95%,98%,99%,99.9%,99.99%,100%
POST,Single_Hybrid09_Search,954,0,35,37.069414207347926,28.57144598965533,70.64877299126238,291294.64255765197,50.19876775744428,0.0,35,37,39,40,44,52,59,63,71,71,71
,Aggregated,954,0,35,37.069414207347926,28.57144598965533,70.64877299126238,291294.64255765197,50.19876775744428,0.0,35,37,39,40,44,52,59,63,71,71,71
