Type,Name,Request Count,Failure Count,Median Response Time,Average Response Time,Min Response Time,Max Response Time,Average Content Size,Requests/s,Failures/s,50%,66%,75%,80%,90%,95%,98%,99%,99.9%,99.99%,100%
POST,Single_Hybrid09_Search,953,0,35,37.14006755991247,28.486652998253703,78.30740298959427,286188.6400839454,50.142527643597255,0.0,35,38,39,40,44,54,60,66,78,78,78
,Aggregated,953,0,35,37.14006755991247,28.486652998253703,78.30740298959427,286188.6400839454,50.142527643597255,0.0,35,38,39,40,44,54,60,66,78,78,78
