Type,Name,Request Count,Failure Count,Median Response Time,Average Response Time,Min Response Time,Max Response Time,Average Content Size,Requests/s,Failures/s,50%,66%,75%,80%,90%,95%,98%,99%,99.9%,99.99%,100%
POST,Single_Hybrid01_Search,939,0,36,37.55301122804826,28.946294012712315,80.5748509883415,336442.5782747604,49.378021162538566,0.0,36,38,39,40,44,55,61,66,81,81,81
,Aggregated,939,0,36,37.55301122804826,28.946294012712315,80.5748509883415,336442.5782747604,49.378021162538566,0.0,36,38,39,40,44,55,61,66,81,81,81
