Type,Name,Request Count,Failure Count,Median Response Time,Average Response Time,Min Response Time,Max Response Time,Average Content Size,Requests/s,Failures/s,50%,66%,75%,80%,90%,95%,98%,99%,99.9%,99.99%,100%
POST,Single_Mixed_Search,1087,0,34,32.26883076249687,11.071170010836795,77.1967880136799,327427.09935602575,57.131813207035734,0.0,34,36,38,39,42,45,51,57,66,77,77
,Aggregated,1087,0,34,32.26883076249687,11.071170010836795,77.1967880136799,327427.09935602575,57.131813207035734,0.0,34,36,38,39,42,45,51,57,66,77,77
