Type,Name,Request Count,Failure Count,Median Response Time,Average Response Time,Min Response Time,Max Response Time,Average Content Size,Requests/s,Failures/s,50%,66%,75%,80%,90%,95%,98%,99%,99.9%,99.99%,100%
POST,Single_Vector_Search,1029,0,33,34.14294978337742,28.02397799678147,56.94097900413908,279026.07191448007,54.14051838876286,0.0,33,35,36,37,38,41,47,48,57,57,57
,Aggregated,1029,0,33,34.14294978337742,28.02397799678147,56.94097900413908,279026.07191448007,54.14051838876286,0.0,33,35,36,37,38,41,47,48,57,57,57
