Type,Name,Request Count,Failure Count,Median Response Time,Average Response Time,Min Response Time,Max Response Time,Average Content Size,Requests/s,Failures/s,50%,66%,75%,80%,90%,95%,98%,99%,99.9%,99.99%,100%
POST,Single_Vector_Search,114085,0,320.0,309.0993232395087,38.83841703645885,1293.416360160336,283873.18199588027,379.77429037098455,0.0,320,330,340,350,360,370,380,400,720,1100,1300
,Aggregated,114085,0,320.0,309.0993232395087,38.83841703645885,1293.416360160336,283873.18199588027,379.77429037098455,0.0,320,330,340,350,360,370,380,400,720,1100,1300
