Type,Name,Request Count,Failure Count,Median Response Time,Average Response Time,Min Response Time,Max Response Time,Average Content Size,Requests/s,Failures/s,50%,66%,75%,80%,90%,95%,98%,99%,99.9%,99.99%,100%
POST,Mixed_bm25_Multi_Collection,22029,0,250.0,366.0735858210549,9.129090001806617,6027.626239985693,178051.66076535475,73.51014923181232,0.0,250,330,390,440,600,990,2300,2800,3700,5700,6000
POST,Mixed_hybrid_0.1_Multi_Collection,21852,0,360.0,502.8717282208856,28.77832797821611,6723.976390028838,212140.96050704742,72.91950524370434,0.0,360,450,510,550,710,1700,2700,3100,4600,5800,6700
POST,Mixed_hybrid_0.9_Multi_Collection,22026,0,330.0,447.1142362964632,30.94472998054698,6473.339472955558,112905.58035957505,73.50013831675963,0.0,340,410,460,500,620,1300,2500,2900,3800,5100,6500
,Aggregated,65907,0,320.0,438.5137572003062,9.129090001806617,6723.976390028838,167582.542324791,219.9297927922763,0.0,320,400,460,510,650,1400,2500,2900,4100,5700,6700
