Type,Name,Request Count,Failure Count,Median Response Time,Average Response Time,Min Response Time,Max Response Time,Average Content Size,Requests/s,Failures/s,50%,66%,75%,80%,90%,95%,98%,99%,99.9%,99.99%,100%
POST,Parallel_Vector_All_9,4048,0,6400.0,7084.143423698191,200.88839996606112,31233.71657100506,1109.344861660079,13.522158751793917,0.0,6400,7900,8900,9600,12000,14000,16000,18000,25000,31000,31000
,Aggregated,4048,0,6400.0,7084.143423698191,200.88839996606112,31233.71657100506,1109.344861660079,13.522158751793917,0.0,6400,7900,8900,9600,12000,14000,16000,18000,25000,31000,31000
