Type,Name,Request Count,Failure Count,Median Response Time,Average Response Time,Min Response Time,Max Response Time,Average Content Size,Requests/s,Failures/s,50%,66%,75%,80%,90%,95%,98%,99%,99.9%,99.99%,100%
POST,Parallel_BM25_All_9,4536,0,5800.0,6315.55436996438,354.10373704507947,24979.60336599499,1109.4387125220458,15.155185991891255,0.0,5800,7100,8000,8500,10000,12000,14000,15000,21000,25000,25000
,Aggregated,4536,0,5800.0,6315.55436996438,354.10373704507947,24979.60336599499,1109.4387125220458,15.155185991891255,0.0,5800,7100,8000,8500,10000,12000,14000,15000,21000,25000,25000
