Type,Name,Request Count,Failure Count,Median Response Time,Average Response Time,Min Response Time,Max Response Time,Average Content Size,Requests/s,Failures/s,50%,66%,75%,80%,90%,95%,98%,99%,99.9%,99.99%,100%
POST,Parallel_Hybrid01_All_9,3845,0,6800.0,7413.361880056533,366.52631498873234,29120.093435049057,1109.3914174252275,12.847805071081298,0.0,6800,8300,9300,10000,12000,14000,16000,19000,25000,29000,29000
,Aggregated,3845,0,6800.0,7413.361880056533,366.52631498873234,29120.093435049057,1109.3914174252275,12.847805071081298,0.0,6800,8300,9300,10000,12000,14000,16000,19000,25000,29000,29000
