Type,Name,Request Count,Failure Count,Median Response Time,Average Response Time,Min Response Time,Max Response Time,Average Content Size,Requests/s,Failures/s,50%,66%,75%,80%,90%,95%,98%,99%,99.9%,99.99%,100%
POST,Parallel_Hybrid09_All_9,3955,0,6500.0,7219.748093516569,513.4289860725403,31745.462188962847,1109.3683944374209,13.222520774931544,0.0,6500,8000,9000,9700,12000,14000,17000,19000,27000,32000,32000
,Aggregated,3955,0,6500.0,7219.748093516569,513.4289860725403,31745.462188962847,1109.3683944374209,13.222520774931544,0.0,6500,8000,9000,9700,12000,14000,17000,19000,27000,32000,32000
