Type,Name,Request Count,Failure Count,Median Response Time,Average Response Time,Min Response Time,Max Response Time,Average Content Size,Requests/s,Failures/s,50%,66%,75%,80%,90%,95%,98%,99%,99.9%,99.99%,100%
POST,Parallel_Mixed_All_9,4179,0,6000.0,6774.476602478202,393.5705430340022,33544.62754505221,1109.437903804738,13.97482186413789,0.0,6000,7400,8500,9200,11000,13000,16000,17000,26000,34000,34000
,Aggregated,4179,0,6000.0,6774.476602478202,393.5705430340022,33544.62754505221,1109.437903804738,13.97482186413789,0.0,6000,7400,8500,9200,11000,13000,16000,17000,26000,34000,34000
