Type,Name,Request Count,Failure Count,Median Response Time,Average Response Time,Min Response Time,Max Response Time,Average Content Size,Requests/s,Failures/s,50%,66%,75%,80%,90%,95%,98%,99%,99.9%,99.99%,100%
POST,Single_BM25_Search,2063,0,14,16.51217034054984,7.958657020935789,70.097796007758,261789.3906931653,108.5011275574057,0.0,14,17,20,21,27,36,43,47,57,70,70
,Aggregated,2063,0,14,16.51217034054984,7.958657020935789,70.097796007758,261789.3906931653,108.5011275574057,0.0,14,17,20,21,27,36,43,47,57,70,70
