Type,Name,Request Count,Failure Count,Median Response Time,Average Response Time,Min Response Time,Max Response Time,Average Content Size,Requests/s,Failures/s,50%,66%,75%,80%,90%,95%,98%,99%,99.9%,99.99%,100%
POST,Single_Hybrid01_Search,1008,0,33,35.23223290011672,26.086336991284043,84.6611489832867,250970.96031746033,52.99954409840093,0.0,33,35,37,38,43,52,58,62,73,85,85
,Aggregated,1008,0,33,35.23223290011672,26.086336991284043,84.6611489832867,250970.96031746033,52.99954409840093,0.0,33,35,37,38,43,52,58,62,73,85,85
