Type,Name,Request Count,Failure Count,Median Response Time,Average Response Time,Min Response Time,Max Response Time,Average Content Size,Requests/s,Failures/s,50%,66%,75%,80%,90%,95%,98%,99%,99.9%,99.99%,100%
POST,Single_Hybrid09_Search,1011,0,33,35.244319809002626,27.323888993123546,76.51697500841692,215240.08803165183,53.22384500399476,0.0,33,35,37,38,41,52,58,64,69,77,77
,Aggregated,1011,0,33,35.244319809002626,27.323888993123546,76.51697500841692,215240.08803165183,53.22384500399476,0.0,33,35,37,38,41,52,58,64,69,77,77
