Type,Name,Request Count,Failure Count,Median Response Time,Average Response Time,Min Response Time,Max Response Time,Average Content Size,Requests/s,Failures/s,50%,66%,75%,80%,90%,95%,98%,99%,99.9%,99.99%,100%
POST,Single_Mixed_Search,1204,0,32,29.282379538878416,8.618942985776812,75.21874099620618,246502.70514950165,63.38363151260485,0.0,32,34,35,36,39,42,46,51,60,75,75
,Aggregated,1204,0,32,29.282379538878416,8.618942985776812,75.21874099620618,246502.70514950165,63.38363151260485,0.0,32,34,35,36,39,42,46,51,60,75,75
