Type,Name,Request Count,Failure Count,Median Response Time,Average Response Time,Min Response Time,Max Response Time,Average Content Size,Requests/s,Failures/s,50%,66%,75%,80%,90%,95%,98%,99%,99.9%,99.99%,100%
POST,Single_Vector_Search,1133,0,31,31.264059565420283,25.564884999766946,51.44988599931821,211333.5869373345,59.59766983301303,0.0,31,32,33,33,35,37,40,43,49,51,51
,Aggregated,1133,0,31,31.264059565420283,25.564884999766946,51.44988599931821,211333.5869373345,59.59766983301303,0.0,31,32,33,33,35,37,40,43,49,51,51
