Type,Name,Request Count,Failure Count,Median Response Time,Average Response Time,Min Response Time,Max Response Time,Average Content Size,Requests/s,Failures/s,50%,66%,75%,80%,90%,95%,98%,99%,99.9%,99.99%,100%
POST,BM25_Multi_Collection_Search,1514,0,18,23.48703125462058,10.451420996105298,127.74214899400249,156321.80118890357,79.62815231738013,0.0,18,26,30,32,39,53,62,72,130,130,130
,Aggregated,1514,0,18,23.48703125462058,10.451420996105298,127.74214899400249,156321.80118890357,79.62815231738013,0.0,18,26,30,32,39,53,62,72,130,130,130
