Type,Name,Request Count,Failure Count,Median Response Time,Average Response Time,Min Response Time,Max Response Time,Average Content Size,Requests/s,Failures/s,50%,66%,75%,80%,90%,95%,98%,99%,99.9%,99.99%,100%
POST,Hybrid_0.9_Multi_Collection_Search,198,0,180.0,185.0494648743835,158.67488301591948,232.7332529821433,129647.14646464646,10.459341973647822,0.0,180,190,190,190,200,210,210,220,230,230,230
,Aggregated,198,0,180.0,185.0494648743835,158.67488301591948,232.7332529821433,129647.14646464646,10.459341973647822,0.0,180,190,190,190,200,210,210,220,230,230,230
