Type,Name,Request Count,Failure Count,Median Response Time,Average Response Time,Min Response Time,Max Response Time,Average Content Size,Requests/s,Failures/s,50%,66%,75%,80%,90%,95%,98%,99%,99.9%,99.99%,100%
POST,Hybrid_0.1_Multi_Collection_Search,196,0,180.0,186.5162199087814,162.50695902272128,247.27951400564052,148685.5918367347,10.35953448985482,0.0,180,190,190,190,200,210,230,240,250,250,250
,Aggregated,196,0,180.0,186.5162199087814,162.50695902272128,247.27951400564052,148685.5918367347,10.35953448985482,0.0,180,190,190,190,200,210,230,240,250,250,250
