Type,Name,Request Count,Failure Count,Median Response Time,Average Response Time,Min Response Time,Max Response Time,Average Content Size,Requests/s,Failures/s,50%,66%,75%,80%,90%,95%,98%,99%,99.9%,99.99%,100%
POST,Mixed_bm25_Multi_Collection,70,0,17,30.40047827318111,11.841769010061398,61.64803300634958,150620.04285714286,3.6957681587271125,0.0,19,41,50,52,56,58,59,62,62,62,62
POST,Mixed_hybrid_01_Multi_Collection,101,0,190.0,186.55327858350304,167.45100199477747,222.713755996665,143780.099009901,5.3324654861634055,0.0,190,190,190,190,200,200,210,210,220,220,220
POST,Mixed_hybrid_09_Multi_Collection,85,0,180.0,183.42462422305664,160.72911402443424,220.60730098746717,163640.01176470588,4.487718478454351,0.0,180,190,190,190,200,200,210,220,220,220,220
,Aggregated,256,0,180.0,142.81643623053242,11.841769010061398,222.713755996665,152244.5078125,13.515952123344869,0.0,180,190,190,190,190,200,210,210,220,220,220
