Type,Name,Request Count,Failure Count,Median Response Time,Average Response Time,Min Response Time,Max Response Time,Average Content Size,Requests/s,Failures/s,50%,66%,75%,80%,90%,95%,98%,99%,99.9%,99.99%,100%
POST,Vector_Multi_Collection_Search,296,0,120.0,123.57631272735071,115.93180100317113,168.6801150208339,127281.75337837837,15.634162255716605,0.0,120,120,130,130,130,130,140,160,170,170,170
,Aggregated,296,0,120.0,123.57631272735071,115.93180100317113,168.6801150208339,127281.75337837837,15.634162255716605,0.0,120,120,130,130,130,130,140,160,170,170,170
